Barcode,MOQ,Stock,Price,Brand,Product,PriceRaw,TargetPrice,OriginalPrice,Cost,MinAllowedPrice,MaxAllowedPrice,PriceCandidate,PriceAdjusted,FinalMarkup
8809738316146,24,18000,7.27,Beauty of Joseon,Revive Eye Serum : Ginseng + Retinal 30ml,6.92,6.29,7.61,6.92,7.266,9.688,6.29,7.266,0.05
8809782555508,24,18000,7.51,Beauty of Joseon,Relief Sun : Rice + Probiotics 50ml,7.15,6.36,7.87,7.15,7.5075,10.01,6.36,7.5075,0.05
8809525246014,24,18000,0.8,Beauty of Joseon,(1EA) Centella Asiatica Calming Mask 25ml,0.76,0.7,0.84,0.76,0.798,1.064,0.7,0.798,0.05
8809525249565,24,10534,9.7,Beauty of Joseon,Dynasty Cream 50ml,9.24,8.75,10.16,9.24,9.702,12.936,8.75,9.702,0.05
8809657114960,24,18000,7.27,Beauty of Joseon,Glow Serum : Propolis+Niacinamide 30ml,6.92,6.13,7.61,6.92,7.266,9.688,6.13,7.266,0.05
8809968130130,24,18000,8.06,Beauty of Joseon,Ginseng Cleansing Oil 210ml,7.68,6.83,8.45,7.68,8.064,10.752,6.83,8.064,0.05
8809937361664,24,17153,7.88,BIODANCE,[EU}Hydro Cera-nol Real Deep Mask 1Box (34g*4ea),7.5,7.11,8.25,7.5,7.875,10.5,7.11,7.875,0.05
8809968130277,24,18000,7.51,Beauty of Joseon,Relief Sun Aqua-fresh : Rice + B5 50ml,7.15,6.51,7.87,7.15,7.5075,10.01,6.51,7.5075,0.05
8800256118984,24,18000,8.93,Medicube,COLLAGEN NIGHT WRAPPING MASK 75ml,8.5,8.53,9.35,8.5,8.925,11.9,8.53,8.925,0.05
8809738312728,24,18000,7.27,Beauty of Joseon,Glow Deep Serum : Rice + Arbutin 30ml,6.92,6.13,7.61,6.92,7.266,9.688,6.13,7.266,0.05
8809447251363,24,18000,9.76,Dr.Althea,147 Barrier Cream 50ml,9.3,9.63,10.23,9.3,9.765,13.02,9.63,9.765,0.05
8809968130246,24,18000,7.51,Beauty of Joseon,Ground Rice and Honey Glow Mask 150ml,7.15,6.33,7.87,7.15,7.5075,10.01,6.33,7.5075,0.05
8800289474873,24,516,6.0,Medicube,PDRN PINK COLLAGEN GEL MASK 4EA,5.71,1.73,6.28,5.71,5.9955,7.994,1.73,5.9955,0.05
8809738316139,24,18000,7.27,Beauty of Joseon,Revive Serum : Ginseng+Snail Mucin 30ml,6.92,6.13,7.61,6.92,7.266,9.688,6.13,7.266,0.05
8809738314678,24,18000,5.3,Beauty of Joseon,Green Plum Refreshing Cleanser 100ml,5.05,4.72,5.56,5.05,5.3025,7.07,4.72,5.3025,0.05
8809738316986,24,17913,8.06,Beauty of Joseon,Red Bean Refreshing Pore Mask 140ml,7.68,6.99,8.45,7.68,8.064,10.752,6.99,8.064,0.05
8800256119004,24,17524,6.15,Medicube,COLLAGEN JELLY CREAM 50ml,5.86,5.88,6.45,5.86,6.153,8.204,5.88,6.153,0.05
8800256119011,24,18000,11.44,Medicube,DEEP VITA C CAPSULE CREAM 55g,10.9,10.36,11.99,10.9,11.445,15.26,10.36,11.445,0.05
8809891184590,24,16109,7.88,BIODANCE,Radiant Vita Niacinamide Real Deep Mask 1Box (34g*4ea),7.5,6.42,8.25,7.5,7.875,10.5,6.42,7.875,0.05
8809738310960,24,18000,7.51,Beauty of Joseon,Ginseng Essence Water 150ml,7.15,6.24,7.87,7.15,7.5075,10.01,6.24,7.5075,0.05
8809738312872,24,18000,5.41,Beauty of Joseon,Apricot Blossom Peeling Gel 100ml,5.15,4.72,5.67,5.15,5.4075,7.21,4.72,5.4075,0.05
8809606851663,24,18000,7.8,Beauty of Joseon,Radiance Cleansing Balm 100ml,7.43,6.76,8.17,7.43,7.8015,10.402,6.76,7.8015,0.05
8809738316412,24,18000,7.27,Beauty of Joseon,Calming serum : Green tea + Panthenol 30ml,6.92,6.13,7.61,6.92,7.266,9.688,6.13,7.266,0.05
8800289479915,24,18000,10.33,Medicube,ZERO PORE PAD 2.0 (70pcs),9.1,10.33,10.01,9.1,9.555,12.74,10.33,10.33,0.1352
8809864766884,24,18000,7.51,Beauty of Joseon,Matte sun stick : Mugwort + Camilia 18g,7.15,5.93,7.87,7.15,7.5075,10.01,5.93,7.5075,0.05
8809782551814,24,7441,7.18,Round Lab,(EU) Birch Juice Sun Cream 50ml,6.84,6.17,7.52,6.84,7.182,9.576,6.17,7.182,0.05
8800256118991,24,18000,10.29,Medicube,COLLAGEN JELLY CREAM 110ml,9.8,9.92,10.78,9.8,10.29,13.72,9.92,10.29,0.05
8809968130123,24,18000,7.99,Beauty of Joseon,Green plum refreshing toner : AHA + BHA (150ml),7.61,6.33,8.37,7.61,7.9905,10.654,6.33,7.9905,0.05
8809891184576,24,18000,7.88,BIODANCE,Refreshing Sea Kelp Real Deep Mask 1Box (34g*4ea),7.5,6.42,8.25,7.5,7.875,10.5,6.42,7.875,0.05
8809447255385,24,11499,7.09,Dr.Althea,[Renew] Vitamin C Boosting Serum 30ml,6.75,6.98,7.43,6.75,7.0875,9.45,6.98,7.0875,0.05
8800256118977,24,11554,10.29,Medicube,TRIPLE COLLAGEN CREAM 4.0 50ml,9.8,9.67,10.78,9.8,10.29,13.72,9.67,10.29,0.05
8809447255071,24,18000,6.56,Dr.Althea,Pure Grinding Cleansing Balm 50ml,6.25,6.42,6.88,6.25,6.5625,8.75,6.42,6.5625,0.05
8800256119066,24,502,11.09,Medicube,ZERO PORE PAD 2.0 (70pcs),9.1,11.09,10.01,9.1,9.555,12.74,11.09,11.09,0.2187
8800289470462,24,792,5.58,Medicube,[Renew]TRIPLE COLLAGEN SERUM 4.0 55ml,4.9,5.58,5.39,4.9,5.145,6.86,5.58,5.58,0.1388
8809913830528,24,18000,6.55,Skin1004,(EU) Madagascar Centella Ampoule 55ml (EU PACKAGE),6.24,6.08,6.86,6.24,6.552,8.736,6.08,6.552,0.05
8809657116544,24,13066,4.97,Round Lab,(EU) ROUND LAB BIRCH JUICE CLEANSER 150ml,4.73,4.41,5.2,4.73,4.9665,6.622,4.41,4.9665,0.05
8800256118960,24,6737,5.67,Medicube,[Renew]TRIPLE COLLAGEN TONER 4.0 140ml,4.9,5.67,5.39,4.9,5.145,6.86,5.67,5.67,0.1571
8809875906477,24,18000,7.27,Beauty of Joseon,Light On Serum Centella + Vita C 30ml,6.92,6.34,7.61,6.92,7.266,9.688,6.34,7.266,0.05
8809954941498,24,18000,14.85,Beauty of Joseon,Dynasty Cream 100ml,14.14,11.75,15.55,14.14,14.847,19.796,11.75,14.847,0.05
8803463006020,24,3536,0.91,VT COSMETICS,MILD REEDLE SHOT 50 2-STEP MASK (EU Package),0.87,0.79,0.96,0.87,0.9135,1.218,0.79,0.9135,0.05
8809864752689,24,6985,8.97,Beauty of Joseon,Ginseng sun serum 50ml,8.54,7.34,9.39,8.54,8.967,11.956,7.34,8.967,0.05
8809738316993,24,7657,7.7,Beauty of Joseon,Red Bean Water Gel 100ml,7.33,6.57,8.06,7.33,7.6965,10.262,6.57,7.6965,0.05
8800256119059,24,7956,9.66,Medicube,ZERO PORE PAD MILD (70pcs),9.2,9.62,10.12,9.2,9.66,12.88,9.62,9.66,0.05
8809532221349,24,14877,8.26,Haruharu Wonder,Black Rice Deep Cleansing Oil 150ml,7.87,7.37,8.66,7.87,8.2635,11.018,7.37,8.2635,0.05
8809640735790,24,3615,10.03,ANUA,[RENEW] HEARTLEAF PORE CONTROL CLEANSING OIL 200ml,7.99,10.03,8.79,7.99,8.3895,11.186,10.03,10.03,0.2553
8809532221462,24,2579,5.38,Haruharu Wonder,WONDER Black Rice Hyaluronic Toner 150ml_For Sensitive,5.12,5.01,5.63,5.12,5.376,7.168,5.01,5.376,0.05
8809640735622,24,6268,6.04,ANUA,[RENEW] HEARTLEAF QUERCETINOL PORE DEEP CLEANSING FOAM 150ml,5.6,6.04,6.16,5.6,5.88,7.84,6.04,6.04,0.0786
8800289475009,24,17354,6.31,Medicube,KOJIC ACID TURMERIC BRIGHTENING GEL MASK(28g*4ea),6.01,1.87,6.61,6.01,6.3105,8.414,1.87,6.3105,0.05
8809981339206,24,6999,7.98,Medicube,COLLAGEN GLOW BOOSTER SERUM 15ml,7.6,7.76,8.36,7.6,7.98,10.64,7.76,7.98,0.05
8806173495917,24,8801,0.49,Nature Republic,(EU) REAL NATURE SHEET MASK ALOE 23ml,0.35,0.49,0.39,0.35,0.3675,0.49,0.49,0.49,0.4
8809562190738,24,3293,6.81,ARENCIA,(EU Package) FRESH GREEN RICE MOCHI CLEANSER 120G,6.49,6.68,7.14,6.49,6.8145,9.086,6.68,6.8145,0.05
8809738600221,24,6223,9.5,Round Lab,(EU) BIRCH JUICE CREAM 80ml,9.05,9.21,9.96,9.05,9.5025,12.67,9.21,9.5025,0.05
8809563100316,24,15091,8.95,PURITO SEOUL,Wonder Releaf Centella Serum Unscented 60ml,8.52,8.37,9.37,8.52,8.946,11.928,8.37,8.946,0.05
8809738600245,24,0,15.06,Round Lab,(EU) 1025 DOKDO CREAM_80ml,10.76,0.0,11.84,10.76,11.298,15.064,15.064,15.064,0.4
8800256119035,24,10434,10.37,Medicube,ONE DAY EXOSOME SHOT PORE AMPOULE 7500 30ml,9.88,9.85,10.87,9.88,10.374,13.832,9.85,10.374,0.05
8809695240508,24,18000,8.13,KSECRET,(GLOBAL) Retinal Liposome 2% + Black Ginseng 30ml,7.74,7.8,8.51,7.74,8.127,10.836,7.8,8.127,0.05
8809447255101,24,18000,7.09,Dr.Althea,Gentle Vitamin C Serum 30ml,6.75,6.93,7.43,6.75,7.0875,9.45,6.93,7.0875,0.05
8809695240577,24,18000,8.13,KSECRET,(GLOBAL) Eye Cream : Retinal Liposome 4% + Fermented Bean,7.74,7.8,8.51,7.74,8.127,10.836,7.8,8.127,0.05
8809835060041,24,10732,6.55,TOCOBO,COTTON SOFT SUN STICK SPF50+ PA++++,6.24,6.21,6.86,6.24,6.552,8.736,6.21,6.552,0.05
8809563100330,24,18000,3.77,PURITO SEOUL,Wonder Releaf Centella Spot Patch,3.57,3.77,3.93,3.57,3.7485,4.998,3.77,3.77,0.056
8809447255620,24,1406,6.56,Dr.Althea,Pore Refresh Grinding Cleansing Balm 50ml,6.25,6.42,6.88,6.25,6.5625,8.75,6.42,6.5625,0.05
8800256118953,24,6643,6.26,Medicube,ZERO FOAM CLEANSER 120g,5.84,6.26,6.42,5.84,6.132,8.176,6.26,6.26,0.0719
8809634610034,24,3401,7.04,AXIS-Y,Dark Spot Correcting Glow Serum 50ml,6.7,6.32,7.37,6.7,7.035,9.38,6.32,7.035,0.05
8800289474743,24,0,8.64,Medicube,PORE BLACKHEAD DEEP CLEANSING OIL 205ml,6.17,0.0,6.79,6.17,6.4785,8.638,8.638,8.638,0.4
8800289461613,24,2115,1.01,Medicube,PDRN PINK VITA COATING MASK 1EA,0.88,1.01,0.97,0.88,0.924,1.232,1.01,1.01,0.1477
8800289474910,24,956,7.39,Medicube,PDRN PINK GLUTATHIONE SERUM MIST,6.56,7.39,7.22,6.56,6.888,9.184,7.39,7.39,0.1265
8806173496273,24,11437,0.49,Nature Republic,(EU) REAL NATURE SHEET MASK ROYAL JELLY 23ml,0.35,0.49,0.39,0.35,0.3675,0.49,0.49,0.49,0.4
8809447251400,24,7433,5.99,Dr.Althea,Amino Acid Gentle Bubble Cleanser 140ml,5.7,5.99,6.27,5.7,5.985,7.98,5.99,5.99,0.0509
8800256119028,24,18000,9.51,Medicube,ONE DAY EXOSOME SHOT PORE AMPOULE 2000 30ml,9.06,9.09,9.97,9.06,9.513,12.684,9.09,9.513,0.05
8800256119417,24,1216,114.96,Medicube,AGE-R BOOSTER PRO EX PINK,109.49,105.65,120.44,109.49,114.9645,153.286,105.65,114.9645,0.05
8806173496280,24,12724,0.49,Nature Republic,(EU) REAL NATURE SHEET MASK ACAI BERRY 23ml,0.35,0.49,0.39,0.35,0.3675,0.49,0.49,0.49,0.4
8809532221707,24,18000,6.72,Haruharu Wonder,Black Rice Moisture Airyfit Daily Sunscreen 50ml,6.4,6.11,7.04,6.4,6.72,8.96,6.11,6.72,0.05
8806173496327,24,12479,0.49,Nature Republic,(EU) Real Nature Mask Sheet/ Rose23ml,0.35,0.49,0.39,0.35,0.3675,0.49,0.49,0.49,0.4
8809640735820,24,9970,9.96,ANUA,[RENEW] NIACINAMIDE 10% + TXA 4% SERUM 30ml,8.8,9.96,9.68,8.8,9.24,12.32,9.96,9.96,0.1318
8800256119400,24,6814,114.96,Medicube,AGE-R BOOSTER PRO EX,109.49,103.15,120.44,109.49,114.9645,153.286,103.15,114.9645,0.05
8809835060058,24,8757,6.05,TOCOBO,BIO WATERY SUN CREAM SPF50+ PA++++,5.76,5.62,6.34,5.76,6.048,8.064,5.62,6.048,0.05
8809640735653,24,4244,10.79,ANUA,PEACH 77 NIACIN ENRICHED CREAM 50ml,10.28,10.29,11.31,10.28,10.794,14.392,10.29,10.794,0.05
8806173495924,24,12196,0.49,Nature Republic,(EU) REAL NATURE SHEET MASK TEA TREE 23ml,0.35,0.49,0.39,0.35,0.3675,0.49,0.49,0.49,0.4
8809447251745,24,1721,10.34,Dr.Althea,Rapid Firm Sculpting Cream 45ml,9.6,10.34,10.56,9.6,10.08,13.44,10.34,10.34,0.0771
8809835060225,24,6461,5.93,TOCOBO,Vita Glazed Lip Mask 20ml,5.65,5.68,6.22,5.65,5.9325,7.91,5.68,5.9325,0.05
8806173495955,24,12966,0.49,Nature Republic,(EU) REAL NATURE SHEET MASK AVOCADO 23ml,0.35,0.49,0.39,0.35,0.3675,0.49,0.49,0.49,0.4
8809634610881,24,0,11.02,AXIS-Y,Vegan Collagen Eye Serum 10ml,7.87,0.0,8.66,7.87,8.2635,11.018,11.018,11.018,0.4
8809640735288,24,5544,11.01,ANUA,[RENEW] PEACH 70% NIACINAMIDE SERUM 30ml,8.8,11.01,9.68,8.8,9.24,12.32,11.01,11.01,0.2511
8806173495986,24,13480,0.49,Nature Republic,(EU) REAL NATURE SHEET MASK SHEA BUTTER 23ml,0.35,0.49,0.39,0.35,0.3675,0.49,0.49,0.49,0.4
8806173495962,24,13078,0.49,Nature Republic,(EU) REAL NATURE SHEET MASK GREEN TEA 23ml,0.35,0.49,0.39,0.35,0.3675,0.49,0.49,0.49,0.4
8800256118908,24,4711,10.45,Medicube,ZERO PORE ONE DAY CREAM 50ml,9.95,9.94,10.95,9.95,10.4475,13.93,9.94,10.4475,0.05
8809447254609,24,0,9.83,Dr.Althea,15% Niacinamide Purity Serum 30ml,7.02,0.0,7.72,7.02,7.371,9.828,9.828,9.828,0.4
8809559626196,24,3673,10.2,VT COSMETICS,REEDLE SHOT 50 50ml (EU Package),9.71,7.18,10.68,9.71,10.1955,13.594,7.18,10.1955,0.05
8806173496297,24,9921,0.49,Nature Republic,(EU) Real Nature Mask Sheet/ Chamomile 23ml,0.35,0.49,0.39,0.35,0.3675,0.49,0.49,0.49,0.4
8806173495931,24,14045,0.49,Nature Republic,(EU) REAL NATURE SHEET MASK BAMBOO 23ml,0.35,0.49,0.39,0.35,0.3675,0.49,0.49,0.49,0.4
8800256118946,24,4285,9.73,Medicube,AGE-R VITA C PRO AMPOULE 20ml,9.19,9.73,10.11,9.19,9.6495,12.866,9.73,9.73,0.0588
8809971480871,24,4734,3.12,Beauty of Joseon,(Miniature) Centella Asiatica Vita Serum 10ml,2.7,3.12,2.97,2.7,2.835,3.78,3.12,3.12,0.1556
8800289474972,24,14035,11.13,Medicube,DEEP VITA C PAD (70pcs),10.6,10.4,11.66,10.6,11.13,14.84,10.4,11.13,0.05
8806173496310,24,14212,0.49,Nature Republic,(EU) Real Nature Mask Sheet/ Orange 23ml,0.35,0.49,0.39,0.35,0.3675,0.49,0.49,0.49,0.4
8800289479076,24,1164,8.87,Medicube,GLUTATHIONE GLOW CAPSULE CREAM 50ml,7.62,8.87,8.38,7.62,8.001,10.668,8.87,8.87,0.164
8809640735646,24,1273,8.92,ANUA,PEACH 77 NIACIN CONDITIONING MILK 150ml,8.39,8.92,9.23,8.39,8.8095,11.746,8.92,8.92,0.0632
8809563102136,24,7704,7.99,PURITO SEOUL,Dermide Cica Barrier Sleeping Pack 80ml,7.32,7.99,8.05,7.32,7.686,10.248,7.99,7.99,0.0915
8809463992615,24,1795,7.18,celimax,HEARTLEAF BHA PEELING PAD 60EA (renewal),6.84,6.81,7.52,6.84,7.182,9.576,6.81,7.182,0.05
8809640739040,24,672,8.93,ANUA,[4EA] HEARTLEAF 70 SOOTHING COLLAGEN MASK,8.5,6.58,9.35,8.5,8.925,11.9,6.58,8.925,0.05
8809782553009,24,4652,6.97,Round Lab,(EU) BIRCH JUICE SERUM 50ml,6.64,6.13,7.3,6.64,6.972,9.296,6.13,6.972,0.05
8809728080255,24,6488,8.34,IUNIK,Calendula Complete Cleansing Oil 200ml,7.94,7.76,8.73,7.94,8.337,11.116,7.76,8.337,0.05
8809562190745,24,2909,6.81,ARENCIA,(EU Package) FRESH ROSEHIP RICE MOCHI CLEANSER 120G,6.49,6.68,7.14,6.49,6.8145,9.086,6.68,6.8145,0.05
8800289474996,24,2457,7.98,Medicube,COLLAGEN GLOW BOOSTER SERUM 15ml,7.6,7.92,8.36,7.6,7.98,10.64,7.92,7.98,0.05
8809728080118,24,1087,5.27,IUNIK,Centella Calming Gel Cream 60ml,4.72,5.27,5.19,4.72,4.956,6.608,5.27,5.27,0.1165
8806173496303,24,15178,0.49,Nature Republic,(EU) REAL NATURE SHEET MASK TOMATO 23ml,0.35,0.49,0.39,0.35,0.3675,0.49,0.49,0.49,0.4
8809563103706,24,304,4.63,PURITO SEOUL,Wonder Releaf Centella BB Cream #23 Natural Beige 30ml,4.14,4.63,4.55,4.14,4.347,5.796,4.63,4.63,0.1184
8809875907795,24,4810,9.81,celimax,(Renew) NONI ENERGY AMPOULE 30ml,9.34,9.16,10.27,9.34,9.807,13.076,9.16,9.807,0.05
8809562191889,24,2950,9.3,ARENCIA,(EU Package) Fresh Red Smoothie Serum 30 50g,8.86,9.12,9.75,8.86,9.303,12.404,9.12,9.303,0.05
8809562191070,24,3313,6.81,ARENCIA,(EU Package) FRESH BLUE HYSSOP RICE MOCHI CLEANSER 120G,6.49,6.68,7.14,6.49,6.8145,9.086,6.68,6.8145,0.05
8809657115639,24,3713,6.95,Round Lab,(EU) 1025 Dokdo SLEEPING MASK(PACK)_100ml,6.62,6.13,7.28,6.62,6.951,9.268,6.13,6.951,0.05
8800256118892,24,1465,6.26,Medicube,ZERO PORE SERUM 2.0 37ml,5.84,6.26,6.42,5.84,6.132,8.176,6.26,6.26,0.0719
8809486680353,24,0,4.98,Pyunkang yul,(EU) Essence Toner 100ml,3.56,0.0,3.92,3.56,3.738,4.984,4.984,4.984,0.4
8809532220953,24,11863,5.38,Haruharu Wonder,WONDER Black Rice Hyaluronic Toner 150ml,5.12,4.99,5.63,5.12,5.376,7.168,4.99,5.376,0.05
8806173495979,24,15684,0.49,Nature Republic,(EU) REAL NATURE SHEET MASK CUCUMBER 23ml,0.35,0.49,0.39,0.35,0.3675,0.49,0.49,0.49,0.4
8800289474729,24,706,8.77,Medicube,ZERO PORE CREAM 2.0 50ml,7.56,8.77,8.32,7.56,7.938,10.584,8.77,8.77,0.1601
8809732912986,24,4576,6.94,MIXSOON,Bean Essence 50ml,6.5,6.94,7.15,6.5,6.825,9.1,6.94,6.94,0.0677
8809738600214,24,7087,6.43,Round Lab,(EU) BIRCH JUICE TONER_300ml,6.12,5.68,6.73,6.12,6.426,8.568,5.68,6.426,0.05
8809527486678,24,531,10.4,ELROEL,"(CPNP, SCPN) BLANC COVER CREAM STICK MEDIUM 13g",9.9,9.16,10.89,9.9,10.395,13.86,9.16,10.395,0.05
8809657114779,24,2597,6.65,Round Lab,(EU) 1025 DOKDO LOTION_200ml,6.33,5.86,6.96,6.33,6.6465,8.862,5.86,6.6465,0.05
8809481760678,24,6092,6.38,Heimish,All Clean balm 120ml (cleansing balm),6.08,5.98,6.69,6.08,6.384,8.512,5.98,6.384,0.05
8809695240591,24,2151,7.44,KSECRET,(GLOBAL) Cream : Snail Mucin 93% + Rice,7.09,6.89,7.8,7.09,7.4445,9.926,6.89,7.4445,0.05
8809655951451,24,666,6.67,Jumiso,Snail Mucin 88 + Peptide Cream 100ml,6.24,6.67,6.86,6.24,6.552,8.736,6.67,6.67,0.0689
8809640736131,24,402,10.3,ANUA,[RENEW] RICE 7 CERAMIDE HYDRATING BARRIER SERUM 50ml,8.8,10.3,9.68,8.8,9.24,12.32,10.3,10.3,0.1705
8809738599044,24,2821,5.51,Round Lab,(EU) 1025 DOKDO BUBBLE FOAM_150ml,5.25,5.08,5.78,5.25,5.5125,7.35,5.08,5.5125,0.05
8809624723157,24,593,6.91,Round Lab,(EU) Birch Juice Moisturizing Mask(10ea),6.58,6.08,7.24,6.58,6.909,9.212,6.08,6.909,0.05
8809864769977,24,1248,6.62,Round Lab,(EU) Birch Moisture Tone-Up Sunscreen 50ml,6.3,5.83,6.93,6.3,6.615,8.82,5.83,6.615,0.05
8809695240584,24,3201,8.67,KSECRET,(GLOBAL) Cream : Retinal Liposome 1% + Fermented Rice,8.26,7.99,9.09,8.26,8.673,11.564,7.99,8.673,0.05
8809738605677,24,1444,8.78,Round Lab,(EU) 1025 Dokdo Cleansing Oil 200ml,8.36,8.5,9.2,8.36,8.778,11.704,8.5,8.778,0.05
8809563103690,24,738,4.63,PURITO SEOUL,Wonder Releaf Centella BB Cream #21 Light Beige 30ml,4.14,4.63,4.55,4.14,4.347,5.796,4.63,4.63,0.1184
8806173495948,24,15732,0.49,Nature Republic,(EU) REAL NATURE SHEET MASK OLIVE 23ml,0.35,0.49,0.39,0.35,0.3675,0.49,0.49,0.49,0.4
8809835060447,24,422,5.09,TOCOBO,CICA CALMING SUN SERUM 50ML SPF50+ PA++++,4.85,4.8,5.33,4.85,5.0925,6.79,4.8,5.0925,0.05
8809624726370,24,3323,6.43,Round Lab,(EU) Soybean Toner 300ml,6.12,5.67,6.73,6.12,6.426,8.568,5.67,6.426,0.05
8809640734717,24,18000,10.17,ANUA,HEARTLEAF 80% AMPOULE 30ml,9.69,10.1,10.66,9.69,10.1745,13.566,10.1,10.1745,0.05
8809835062021,24,7867,6.77,TOCOBO,Calamine pore Control Cleansing Oil 200ml,6.45,6.34,7.1,6.45,6.7725,9.03,6.34,6.7725,0.05
8809640736100,24,442,5.98,ANUA,[RENEW] 8 HYALURONIC ACID HYDRATING GENTLE FOAMING CLEANSER 150ml,5.7,4.01,6.27,5.7,5.985,7.98,4.01,5.985,0.05
8809732910739,24,2011,4.0,MIXSOON,bifida mask pack 5EA,3.81,3.07,4.19,3.81,4.0005,5.334,3.07,4.0005,0.05
8809563103072,24,5428,8.24,PURITO SEOUL,Wonder Releaf Centella Daily Sun Lotion 60ml,7.71,8.24,8.48,7.71,8.0955,10.794,8.24,8.24,0.0687
8809738605721,24,2639,8.84,Round Lab,(EU) Mugwort Cream 80ml,8.42,7.73,9.26,8.42,8.841,11.788,7.73,8.841,0.05
8809657115479,24,356,10.25,Round Lab,(EU) 1025 DOKDO AMPULE_45g,9.76,8.64,10.74,9.76,10.248,13.664,8.64,10.248,0.05
8800289474927,24,6447,12.0,Medicube,DEEP VITA C AMPOULE 2.0 30g,11.36,12.0,12.5,11.36,11.928,15.904,12.0,12.0,0.0563
8809640735998,24,1202,10.5,ANUA,[RENEW] HEARTLEAF 70 DAILY LOTION 200ml,10.0,7.57,11.0,10.0,10.5,14.0,7.57,10.5,0.05
8809728080071,24,0,9.45,IUNIK,Tea Tree Relief Serum 50ml,6.75,0.0,7.43,6.75,7.0875,9.45,9.45,9.45,0.4
8809732910159,24,690,7.17,MIXSOON,Bean Essence 50ml,6.5,7.17,7.15,6.5,6.825,9.1,7.17,7.17,0.1031
8809447255767,24,1226,4.7,Dr.Althea,Aqua Blue Hydration Mask( 28g*4EA ),4.05,4.7,4.46,4.05,4.2525,5.67,4.7,4.7,0.1605
8809864754126,24,7105,4.82,Round Lab,(EU) PINE CALMING CICA CLEANSER_150ml,4.59,4.26,5.05,4.59,4.8195,6.426,4.26,4.8195,0.05
8809695240515,24,1994,7.44,KSECRET,(GLOBAL) Essence : Snail Mucin 97% + Rice 100ml,7.09,6.89,7.8,7.09,7.4445,9.926,6.89,7.4445,0.05
8800289478062,24,486,11.22,Medicube,DEEP VITA C DAILY QUICK MASK (30pcs),10.37,11.22,11.41,10.37,10.8885,14.518,11.22,11.22,0.082
8809695240560,24,266,6.81,KSECRET,(GLOBAL) Cleansing Oil : Pine Cica 1% + Probiotics 200ml,6.49,6.32,7.14,6.49,6.8145,9.086,6.32,6.8145,0.05
8809695240553,24,298,4.96,KSECRET,(GLOBAL) Cleansing Foam : Pine Cica 1% + Probiotics 150ml,4.72,4.64,5.19,4.72,4.956,6.608,4.64,4.956,0.05
8809657114748,24,2717,10.62,Round Lab,(EU) 1025 DOKDO TONER_500ml,10.11,10.3,11.12,10.11,10.6155,14.154,10.3,10.6155,0.05
8809686386185,24,1475,9.81,celimax,NONI ENERGY REPAIR CREAM 50ml,9.34,9.16,10.27,9.34,9.807,13.076,9.16,9.807,0.05
8809563103676,24,684,4.63,PURITO SEOUL,Wonder Releaf Centella BB Cream #13 Neutral Ivory 30ml,4.14,4.63,4.55,4.14,4.347,5.796,4.63,4.63,0.1184
8809634610249,24,791,5.68,AXIS-Y,Spot the Difference Blemish Treatment 15ml,5.41,4.71,5.95,5.41,5.6805,7.574,4.71,5.6805,0.05
8809563103713,24,1446,4.63,PURITO SEOUL,Wonder Releaf Centella BB Cream #27 Sand Beige 30ml,4.14,4.63,4.55,4.14,4.347,5.796,4.63,4.63,0.1184
8809835060454,24,608,6.31,TOCOBO,CICA COOLING SUN STICK SPF50+ PA++++,6.01,5.9,6.61,6.01,6.3105,8.414,5.9,6.3105,0.05
8806173488506,24,258,2.38,Nature Republic,(EU) HAND & NATURE PEACH LIQUOR HAND CREAM 30ml,1.7,2.38,1.87,1.7,1.785,2.38,2.38,2.38,0.4
8809541190438,24,0,7.21,ISNTREE,(EU) ALOE SOOTHING TONER 200ML,5.15,0.0,5.67,5.15,5.4075,7.21,7.21,7.21,0.4
8809527486661,24,2293,13.86,ELROEL,"(CPNP, SCPN) BLANC COVER CREAM STICK DEEP 13g",9.9,13.86,10.89,9.9,10.395,13.86,13.86,13.86,0.4
8809562190820,24,1748,7.1,ARENCIA,Holy Hyssop Serum 30 50g,6.76,6.95,7.44,6.76,7.098,9.464,6.95,7.098,0.05
8809640735264,24,0,11.34,ANUA,[RENEW] HEARTLEAF LHA MOISTURE PEELING GEL 120ml,8.1,0.0,8.91,8.1,8.505,11.34,11.34,11.34,0.4
8809527486654,24,1625,13.86,ELROEL,"(CPNP, SCPN) BLANC COVER CREAM STICK LIGHT 13g",9.9,13.86,10.89,9.9,10.395,13.86,13.86,13.86,0.4
8809481761996,24,3053,6.38,Heimish,All Clean balm Mandarin 120ml (cleansing balm),6.08,5.98,6.69,6.08,6.384,8.512,5.98,6.384,0.05
8809652583112,24,1002,3.19,FWEE,Fingerlike Silicone Lip Brush,2.79,3.19,3.07,2.79,2.9295,3.906,3.19,3.19,0.1434
8809640736018,24,217,10.55,ANUA,[RENEW] HEARTLEAF 70% INTENSE CALMING CREAM 50ml,10.0,10.55,11.0,10.0,10.5,14.0,10.55,10.55,0.055
8809447253152,24,5488,7.17,Dr.Althea,Anastatica Skin Conditioning Toner 250ml,6.83,7.0,7.51,6.83,7.1715,9.562,7.0,7.1715,0.05
8809447255729,24,2228,5.1,Dr.Althea,Cushion Veil Calming Mask 35g*4EA,4.86,5.04,5.35,4.86,5.103,6.804,5.04,5.103,0.05
8809640735639,24,923,9.84,ANUA,[RENEW] PEACH 77 NIACIN ESSENCE TONER 250ml,8.4,9.84,9.24,8.4,8.82,11.76,9.84,9.84,0.1714
8809835060591,24,3079,7.5,TOCOBO,CICA CALMING GEL CREAM 75ml,7.14,6.97,7.85,7.14,7.497,9.996,6.97,7.497,0.05
8806173495863,24,317,6.87,Nature Republic,(EU) ARGAN ESSENTIAL MOISTURE HAIR OIL 80ml,5.31,6.87,5.84,5.31,5.5755,7.434,6.87,6.87,0.2938
8806050298525,24,2213,6.62,celimax,*Renew* FRESH BLACKHEAD JOJOBA CLEANSING OIL 150ml,6.3,6.28,6.93,6.3,6.615,8.82,6.28,6.615,0.05
8809695240492,24,1121,6.21,KSECRET,(GLOBAL) Sun : Pine Tree + Ceramide 50ml,5.91,5.75,6.5,5.91,6.2055,8.274,5.75,6.2055,0.05
8809657114632,24,879,7.33,Round Lab,(EU) 1025 DOKDO EYE CREAM_30ml,6.98,6.44,7.68,6.98,7.329,9.772,6.44,7.329,0.05
8806173488544,24,513,2.38,Nature Republic,(EU) HAND & NATURE BLOOMING ROSE HAND CREAM 30ml,1.7,0.0,1.87,1.7,1.785,2.38,2.38,2.38,0.4
8809835061451,24,0,4.87,TOCOBO,JUICY BERRY PLUMPING LIP OIL 00 GLAM MAX,3.48,0.0,3.83,3.48,3.654,4.872,4.872,4.872,0.4
8809782559063,24,388,7.5,celimax,(Renew) Oil Control Light Sunscreen 40ml,7.14,7.0,7.85,7.14,7.497,9.996,7.0,7.497,0.05
8809447254203,24,1557,5.0,Dr.Althea,Multi-Action Infusion Serum 30ml,4.55,5.0,5.0,4.55,4.7775,6.37,5.0,5.0,0.0989
8809447255743,24,2197,4.25,Dr.Althea,Jelly Seal Dewy Mask (28g*4EA),4.05,4.24,4.46,4.05,4.2525,5.67,4.24,4.2525,0.05
8809655951376,24,912,5.47,Jumiso,Pore-Purifying Salicylic Acid Foaming Cleanser 120g,5.21,5.09,5.73,5.21,5.4705,7.294,5.09,5.4705,0.05
8809606850666,24,2338,8.81,celimax,The Real Noni Ultimate Eye Cream 20ml,8.39,8.22,9.23,8.39,8.8095,11.746,8.22,8.8095,0.05
8809481761811,24,472,4.41,Heimish,(EU) Matcha Biome Amino Acne Cleansing Foam 150g,3.4,4.41,3.74,3.4,3.57,4.76,4.41,4.41,0.2971
8809532221738,24,0,8.61,Haruharu Wonder,Black Rice 10 Hyaluronic Cream (50ml),6.15,0.0,6.77,6.15,6.4575,8.61,8.61,8.61,0.4
8800240566944,24,339,11.97,Medicube,DEEP VITA C AMPOULE 2.0 30g,11.36,11.97,12.5,11.36,11.928,15.904,11.97,11.97,0.0537
8806173488520,24,640,2.38,Nature Republic,(EU) HAND & NATURE APPLE MANGO JELLY HAND CREAM,1.7,0.0,1.87,1.7,1.785,2.38,2.38,2.38,0.4
8809447251998,24,866,5.93,Dr.Althea,Marine Anti-Blemish Mask 5ea,5.35,5.93,5.88,5.35,5.6175,7.49,5.93,5.93,0.1084
8809447255989,24,2725,7.18,Dr.Althea,Green Tea Fresh Sunscreen 45ml,6.84,6.53,7.52,6.84,7.182,9.576,6.53,7.182,0.05
8809911690056,24,575,8.83,ZEROID,Pimprove Moisturizer 100ml,8.21,8.83,9.03,8.21,8.6205,11.494,8.83,8.83,0.0755
8809783321225,24,2587,8.47,celimax,Ji Woo Gae Cica BHA Blemish Toner Pad (60pads),8.07,7.91,8.88,8.07,8.4735,11.298,7.91,8.4735,0.05
8809875907412,24,0,10.98,celimax,Pore+Dark Spot Brightening Serum 30ml,7.84,0.0,8.62,7.84,8.232,10.976,10.976,10.976,0.4
8809447251936,24,825,5.94,Dr.Althea,Oasis Soothing Mask 5ea,5.66,5.84,6.23,5.66,5.943,7.924,5.84,5.943,0.05
8809835060010,24,0,10.99,TOCOBO,BIFIDA BIOME ESSENCE 50mL,7.85,0.0,8.63,7.85,8.2425,10.99,10.99,10.99,0.4
8809606850482,24,0,12.26,celimax,Dual Barrier Boosting Serum 30mL,8.76,0.0,9.64,8.76,9.198,12.264,12.264,12.264,0.4
8806173488513,24,715,2.38,Nature Republic,(EU) HAND & NATURE FIG TREE HAND CREAM 30ml,1.7,0.0,1.87,1.7,1.785,2.38,2.38,2.38,0.4
8809640734724,24,2242,7.44,ANUA,HEARTLEAF 70 DAILY LOTION 200ml,7.09,5.52,7.8,7.09,7.4445,9.926,5.52,7.4445,0.05
8809954940132,24,867,9.01,celimax,(Renew) NONI MOISTURE BALANCING TONER 150ml,8.58,8.35,9.44,8.58,9.009,12.012,8.35,9.009,0.05
8809686388172,24,1787,7.75,celimax,Dual Barrier Watery Sun Cream 40ml,7.38,7.24,8.12,7.38,7.749,10.332,7.24,7.749,0.05
8806173487080,24,0,8.01,Nature Republic,California Aloe fresh powdery sun stick SPF50+,5.72,0.0,6.29,5.72,6.006,8.008,8.008,8.008,0.4
8809968130147,24,0,13.36,Beauty of Joseon,Jelloskin Massage Cream for face & body 200ml,9.54,0.0,10.49,9.54,10.017,13.356,13.356,13.356,0.4
8809563103904,24,1118,7.64,PURITO SEOUL,Oat In Gentle Exfoliating Face Cleanser 150ml,6.77,7.64,7.45,6.77,7.1085,9.478,7.64,7.64,0.1285
8809835060584,24,0,8.27,TOCOBO,Cica Calming Serum 50ml,5.91,0.0,6.5,5.91,6.2055,8.274,8.274,8.274,0.4
8809486680063,24,0,10.36,Pyunkang yul,(EU) Moisture serum 100ml,7.4,0.0,8.14,7.4,7.77,10.36,10.36,10.36,0.4
8800289461279,24,0,7.98,Medicube,AGE-R GLUTATHIONE GLOW SERUM 30g,5.7,0.0,6.27,5.7,5.985,7.98,7.98,7.98,0.4
8809563103959,24,421,8.45,PURITO SEOUL,Oat PDRN Gentle Refining Toner 200ml,7.29,8.45,8.02,7.29,7.6545,10.206,8.45,8.45,0.1591
8809750462708,24,1706,8.49,Round Lab,(EU) PINE CALMING CICA PAD_50pcs,8.09,7.64,8.9,8.09,8.4945,11.326,7.64,8.4945,0.05
8809447255972,24,2807,7.18,Dr.Althea,Aqua Glowing Sunscreen 45ml,6.84,6.53,7.52,6.84,7.182,9.576,6.53,7.182,0.05
8809670680848,24,0,6.73,Mary&May,(EU) Niacinamide + Chaenomeles Sinensis Serum 30ml,4.81,0.0,5.29,4.81,5.0505,6.734,6.734,6.734,0.4
8809800940125,24,0,9.46,ISNTREE,(EU) YAM ROOT VEGAN MILK CLEANSER 220ml,6.76,0.0,7.44,6.76,7.098,9.464,9.464,9.464,0.4
8809971484510,24,521,7.31,celimax,Pore+Dark Spot Brightening Care Sunscreen 50ml,6.96,6.81,7.66,6.96,7.308,9.744,6.81,7.308,0.05
8809785848539,24,568,1.4,EDGE U,WAVE PINK MAGNET,1.0,0.0,1.1,1.0,1.05,1.4,1.4,1.4,0.4
8809785848263,24,575,1.4,EDGE U,STELLAR MAGNET,1.0,0.0,1.1,1.0,1.05,1.4,1.4,1.4,0.4
8809562191629,24,0,7.77,ARENCIA,Holy Hyssop Serum 12 30ml,5.55,0.0,6.11,5.55,5.8275,7.77,7.77,7.77,0.4
8809785848508,24,608,1.4,EDGE U,WAVE GOLD MAGNET,1.0,0.0,1.1,1.0,1.05,1.4,1.4,1.4,0.4
8809562191438,24,4906,6.56,ARENCIA,(EU Package) CALENDULA RICE MOCHI CLEANSER 120G,6.25,6.43,6.88,6.25,6.5625,8.75,6.43,6.5625,0.05
8809655952236,24,1046,7.24,Jumiso,Niacinamide 20 Serum 40ml,6.9,7.04,7.59,6.9,7.245,9.66,7.04,7.245,0.05
8809728080392,24,724,7.09,IUNIK,Propolis Vitamin Synergy Serum 50ml,6.75,6.61,7.43,6.75,7.0875,9.45,6.61,7.0875,0.05
8809655951970,24,247,8.23,Jumiso,Blackhead melting softner 150ml + cotton pad(40pads) + cotton Swab 10ea,7.84,8.0,8.62,7.84,8.232,10.976,8.0,8.232,0.05
8809517414315,24,0,15.62,Medicube,ZERO PORE PAD MILD (70pcs),11.16,0.0,12.28,11.16,11.718,15.624,15.624,15.624,0.4
8809640736148,24,0,10.22,ANUA,[RENEW] RICE ENZYME BRIGHTENING CLEANSING POWDER 40g,7.3,0.0,8.03,7.3,7.665,10.22,10.22,10.22,0.4
8809670681135,24,358,5.33,Mary&May,(EU) Vitamine B5 + Bifida Toner 120ml,5.08,5.03,5.59,5.08,5.334,7.112,5.03,5.334,0.05
8806173495849,24,467,6.73,Nature Republic,(EU) ARGAN ESSENTIAL MOISTURE REPAIRING HAIR MASK 200ml,4.81,6.73,5.29,4.81,5.0505,6.734,6.73,6.73,0.3992
8809576261301,24,1069,8.13,Skin1004,Madagascar Centella Air-Fit Suncream Plus 50ml,7.74,7.46,8.51,7.74,8.127,10.836,7.46,8.127,0.05
8809563103065,24,2072,8.1,PURITO SEOUL,Timeless Bloom Retinol Spot Cream 30ml,7.71,8.02,8.48,7.71,8.0955,10.794,8.02,8.0955,0.05
8809835061482,24,653,3.65,TOCOBO,JUICY BERRY PLUMPING LIP OIL 02 BERRY BRANDY,3.48,3.51,3.83,3.48,3.654,4.872,3.51,3.654,0.05
8809634610102,24,352,8.09,AXIS-Y,Mugwort Pore Clarifying Wash Off Pack 100ml,7.7,7.32,8.47,7.7,8.085,10.78,7.32,8.085,0.05
8809835061529,24,598,3.65,TOCOBO,JUICY BERRY PLUMPING LIP OIL 07 PLUM JAM,3.48,3.51,3.83,3.48,3.654,4.872,3.51,3.654,0.05
8809562191735,24,1990,5.83,ARENCIA,(EU Package) Fresh Red Smoothie Serum 8 30ML,5.55,5.7,6.11,5.55,5.8275,7.77,5.7,5.8275,0.05
8809481762542,24,0,6.13,Heimish,(EU) RX AHA BHA Enzyme Scrub 130ml,4.38,0.0,4.82,4.38,4.599,6.132,6.132,6.132,0.4
8809800940149,24,1624,4.71,ISNTREE,(EU) CLEAR SKIN 8% AHA ESSENCE 100ml,4.21,4.71,4.63,4.21,4.4205,5.894,4.71,4.71,0.1188
8809785847068,24,892,1.4,EDGE U,PRIMADONNA,1.0,0.0,1.1,1.0,1.05,1.4,1.4,1.4,0.4
8809481762603,24,225,7.46,Heimish,(EU) RX RETINOL BAKUCHIOL EYE CREAM 30ml,7.01,7.46,7.71,7.01,7.3605,9.814,7.46,7.46,0.0642
8809785848140,24,513,1.4,EDGE U,MIRROR WHITE,1.0,0.0,1.1,1.0,1.05,1.4,1.4,1.4,0.4
8809785848171,24,0,1.4,EDGE U,MIRROR SKY BLUE,1.0,0.0,1.1,1.0,1.05,1.4,1.4,1.4,0.4
8809785846856,24,796,1.4,EDGE U,SPARKLING WINE,1.0,0.0,1.1,1.0,1.05,1.4,1.4,1.4,0.4
8809785847303,24,571,1.4,EDGE U,VAMPIRE BLACK,1.0,0.0,1.1,1.0,1.05,1.4,1.4,1.4,0.4
8809481761378,24,542,6.71,Heimish,Watermelon Moisture Soothing Gel Cream 110ml,6.39,6.27,7.03,6.39,6.7095,8.946,6.27,6.7095,0.05
8809785846764,24,0,1.4,EDGE U,STARRY NIGHT,1.0,0.0,1.1,1.0,1.05,1.4,1.4,1.4,0.4
8809785846733,24,508,1.4,EDGE U,VERI PERI TRICK,1.0,0.0,1.1,1.0,1.05,1.4,1.4,1.4,0.4
8809785847273,24,691,1.4,EDGE U,GLAM WHITE FRENCH,1.0,0.0,1.1,1.0,1.05,1.4,1.4,1.4,0.4
8809785848232,24,834,1.4,EDGE U,MIRROR VIOLET,1.0,0.0,1.1,1.0,1.05,1.4,1.4,1.4,0.4
8809785848478,24,1064,1.4,EDGE U,CROSS GREEN MAGNET,1.0,0.0,1.1,1.0,1.05,1.4,1.4,1.4,0.4
8809785848713,24,0,1.4,EDGE U,ROMANTIC NEON GLOW,1.0,0.0,1.1,1.0,1.05,1.4,1.4,1.4,0.4
8809785848386,24,767,1.4,EDGE U,PUPLE HOLE MAGNET,1.0,0.0,1.1,1.0,1.05,1.4,1.4,1.4,0.4
8809835060003,24,310,7.01,TOCOBO,AHA BHA LEMON TONER 150mL,6.68,6.53,7.35,6.68,7.014,9.352,6.53,7.014,0.05
8809115027917,24,932,7.82,AXIS-Y,Artichoke Intensive Skin Barrier Ampoule 30ml,7.45,7.23,8.2,7.45,7.8225,10.43,7.23,7.8225,0.05
8809187049428,24,0,6.52,ISNTREE,(EU) C-NIACIN TONING CREAM 50ML,4.66,0.0,5.13,4.66,4.893,6.524,6.524,6.524,0.4
8809563103683,24,1659,5.8,PURITO SEOUL,Wonder Releaf Centella BB Cream #15 Rose Ivory 30ml,4.14,0.0,4.55,4.14,4.347,5.796,5.796,5.796,0.4
8809670681593,24,656,7.62,Mary&May,(EU) Lemon Niacinamide Glow Wash off Pack 125g,7.26,7.11,7.99,7.26,7.623,10.164,7.11,7.623,0.05
8809481760906,24,0,8.39,Heimish,Black Tea Mask Pack 110ml,5.99,0.0,6.59,5.99,6.2895,8.386,8.386,8.386,0.4
8809655951635,24,725,7.18,Jumiso,PORE CLEARING CLEANSING OIL 200ML,6.84,6.71,7.52,6.84,7.182,9.576,6.71,7.182,0.05
8809634610157,24,275,5.28,AXIS-Y,Green Vital Energy Complex Mask 5ea,5.03,0.99,5.53,5.03,5.2815,7.042,0.99,5.2815,0.05
8809481762641,24,0,7.22,Heimish,(EU) RX RETINOL BAKUCHIOL BOOSTER OIL 35ml,5.16,0.0,5.68,5.16,5.418,7.224,7.224,7.224,0.4
8809738322154,24,1333,8.96,ISNTREE,(EU) GREEN TEA FRESH SERUM 50ml,8.17,8.96,8.99,8.17,8.5785,11.438,8.96,8.96,0.0967
8809937361688,24,208,17.57,BIODANCE,Hydro Cera-nol Ampoule 50ml,16.73,16.1,18.4,16.73,17.5665,23.422,16.1,17.5665,0.05
8809563103843,24,371,7.03,PURITO SEOUL,Daily Soft Touch Sunstick 20g,6.38,7.03,7.02,6.38,6.699,8.932,7.03,7.03,0.1019
8809481761217,24,800,7.21,Heimish,(EU) (Renew) Marine Care Eye Cream 30ml,6.34,7.21,6.97,6.34,6.657,8.876,7.21,7.21,0.1372
8809835060201,24,0,4.47,TOCOBO,Sun Care Mini Duo,3.19,0.0,3.51,3.19,3.3495,4.466,4.466,4.466,0.4
8800256114481,24,0,153.29,Medicube,AGE-R BOOSTER PRO EX PINK,109.49,0.0,120.44,109.49,114.9645,153.286,153.286,153.286,0.4
8809481761248,24,0,9.11,Heimish,Marine Care Deep Moisture Nourishing Melting Cream 55ml,6.51,0.0,7.16,6.51,6.8355,9.114,9.114,9.114,0.4
8809800940514,24,863,7.62,ISNTREE,(EU) YAM ROOT VEGAN MILK TONER_200ml,5.44,0.0,5.98,5.44,5.712,7.616,7.616,7.616,0.4
8809783322635,24,229,4.49,ISNTREE,(EU) ONION NEWPAIR GEL CREAM_50ml,4.0,4.49,4.4,4.0,4.2,5.6,4.49,4.49,0.1225
8809481762597,24,0,10.12,Heimish,RX Multi Vitamin Dark Spot Cream 50ml,7.23,0.0,7.95,7.23,7.5915,10.122,10.122,10.122,0.4
8809486680025,24,965,8.06,Pyunkang yul,(EU) Moisture ample 100ml,7.68,7.51,8.45,7.68,8.064,10.752,7.51,8.064,0.05
8809634610041,24,351,9.93,AXIS-Y,Cera-Heart My Type Duo Cream 60ml,9.46,9.12,10.41,9.46,9.933,13.244,9.12,9.933,0.05
8806173457496,24,0,5.29,Nature Republic,(EU) Perfume De Nature Body Lotion_Sunshine Berry 345ml,3.78,0.0,4.16,3.78,3.969,5.292,5.292,5.292,0.4
8809481762658,24,343,5.66,Heimish,(EU) RX Hyaluronic Acid Hydrating Serum 35ml,5.16,5.66,5.68,5.16,5.418,7.224,5.66,5.66,0.0969
8809652582504,24,0,10.29,FWEE,Lip&Cheek Blurry Pudding Pot ND03 Without 5g,7.35,0.0,8.09,7.35,7.7175,10.29,10.29,10.29,0.4
8809563103720,24,2418,5.8,PURITO SEOUL,Wonder Releaf Centella BB Cream #29 Caramel Beige 30ml,4.14,0.0,4.55,4.14,4.347,5.796,5.796,5.796,0.4
8806173458431,24,0,5.29,Nature Republic,(EU) Perfume De Nature Body Oil Wash_Allday Lily 345ml,3.78,0.0,4.16,3.78,3.969,5.292,5.292,5.292,0.4
8809782556628,24,692,6.55,Round Lab,(EU) Birch Juice Moisutrizing Sun Cushion_15g,6.24,5.78,6.86,6.24,6.552,8.736,5.78,6.552,0.05
8809800940187,24,863,8.53,ISNTREE,(EU) SPOT SAVER MUGWORT CREAM 50ML,7.77,8.53,8.55,7.77,8.1585,10.878,8.53,8.53,0.0978
8809783322666,24,505,6.76,ISNTREE,CHESTNUT BHA 2% CLEAR LIQUID 100ml,6.12,6.76,6.73,6.12,6.426,8.568,6.76,6.76,0.1046
8806173457519,24,0,5.29,Nature Republic,(EU) Perfume De Nature Body Lotion_Evening Lavender 345ml,3.78,0.0,4.16,3.78,3.969,5.292,5.292,5.292,0.4
8809670681579,24,665,7.62,Mary&May,(EU) CICA TeaTree Soothing Wash off Pack 125g,7.26,7.11,7.99,7.26,7.623,10.164,7.11,7.623,0.05
8806173495832,24,707,6.87,Nature Republic,(EU) ARGAN ESSENTIAL MOISTURE REPAIRING CONDITIONER 300ml,5.75,6.87,6.33,5.75,6.0375,8.05,6.87,6.87,0.1948
8806173495825,24,829,7.36,Nature Republic,(EU) ARGAN ESSENTIAL MOISTURE REPAIRING SHAMPOO 300ml,5.75,7.36,6.33,5.75,6.0375,8.05,7.36,7.36,0.28
8809782558523,24,8405,6.62,Round Lab,(EU) Moisture Mild-Up Suncreen_50ml,6.3,5.84,6.93,6.3,6.615,8.82,5.84,6.615,0.05
8809634610027,24,0,9.38,AXIS-Y,Quinoa One-Step balanced Gel Cleanser 180ml,6.7,0.0,7.37,6.7,7.035,9.38,9.38,9.38,0.4
8809670680855,24,0,7.11,Mary&May,(EU) Citrus Unshiu + Tremella Fuciformis Serum30ml,5.08,0.0,5.59,5.08,5.334,7.112,7.112,7.112,0.4
8809652582757,24,600,8.07,FWEE,Lip&Cheek Blurry Pudding Pot RS03 Faded 5g,7.35,8.07,8.09,7.35,7.7175,10.29,8.07,8.07,0.098
8809481762573,24,352,5.71,Heimish,(EU) RX AMINO KERATIN HEAT PROTECTING LEAVE IN TREATMENT 150ml,5.44,5.68,5.98,5.44,5.712,7.616,5.68,5.712,0.05
8809835060065,24,481,7.24,TOCOBO,VITA BERRY PORE TONER 150mL,6.55,7.24,7.21,6.55,6.8775,9.17,7.24,7.24,0.1053
8809652582771,24,1254,8.07,FWEE,Lip&Cheek Blurry Pudding Pot RS05 Film 5g,7.35,8.07,8.09,7.35,7.7175,10.29,8.07,8.07,0.098
8806173458448,24,204,4.9,Nature Republic,(EU) Perfume De Nature Body Lotion_Allday Lily 345ml,3.78,4.9,4.16,3.78,3.969,5.292,4.9,4.9,0.2963
8806173488612,24,1205,2.38,Nature Republic,(EU) HAND & NATURE Coconut Butter Intensive HAND CREAM 30ml,1.7,2.38,1.87,1.7,1.785,2.38,2.38,2.38,0.4
8809634610140,24,0,11.02,AXIS-Y,New Skin Resolution Gel Mask 100ml,7.87,0.0,8.66,7.87,8.2635,11.018,11.018,11.018,0.4
8809481762566,24,292,7.22,Heimish,(EU) RX AMINO BIOTIN REVITALIZING SHAMPOO 400ml,6.88,6.75,7.57,6.88,7.224,9.632,6.75,7.224,0.05
8806173457489,24,340,3.97,Nature Republic,(EU) Perfume De Nature Body Oil Wash_Sunshine Berry 345ml,3.78,3.65,4.16,3.78,3.969,5.292,3.65,3.969,0.05
8809563102730,24,0,9.86,PURITO SEOUL,Clear Code Superfruit Serum 30ml,7.04,0.0,7.74,7.04,7.392,9.856,9.856,9.856,0.4
8809481762290,24,0,9.3,Heimish,Moringa Ceramide Hyaluronic Hydrating Cream 50ml,6.64,0.0,7.3,6.64,6.972,9.296,9.296,9.296,0.4
8809481762580,24,293,7.5,Heimish,(EU) RX Hyaluronic Acid Rich Whipped Cream 50ml,6.64,7.5,7.3,6.64,6.972,9.296,7.5,7.5,0.1295
8809652582597,24,1483,8.07,FWEE,Lip&Cheek Blurry Pudding Pot PK02 Skirt 5g,7.35,8.07,8.09,7.35,7.7175,10.29,8.07,8.07,0.098
8806173457502,24,237,5.29,Nature Republic,(EU) Perfume De Nature Body Oil Wash_Evening Lavender 345ml,3.78,0.0,4.16,3.78,3.969,5.292,5.292,5.292,0.4
8809532221929,24,1643,6.72,Haruharu Wonder,Black Bamboo Daily Soothing Sun Shield,6.4,6.28,7.04,6.4,6.72,8.96,6.28,6.72,0.05
8809481761927,24,0,6.36,Heimish,(EU) Moringa Ceramide BB Cream SPF 30 PA++ 27 Light Tan,4.54,0.0,4.99,4.54,4.767,6.356,6.356,6.356,0.4
8809481762337,24,0,6.36,Heimish,(EU) Moringa Ceramide BB Cream SPF 30 PA++ 21 Light Beige,4.54,0.0,4.99,4.54,4.767,6.356,6.356,6.356,0.4
8809652585550,24,553,6.83,FWEE,Lip&Cheek Glowy Jelly Pot JR01 Squeezed 4g,4.88,6.83,5.37,4.88,5.124,6.832,6.83,6.83,0.3996
8809800940194,24,878,9.72,ISNTREE,(EU) MUGWORT CALMING AMPOULE 50ml,8.88,9.72,9.77,8.88,9.324,12.432,9.72,9.72,0.0946
8809730950546,24,0,1.53,ma:nyo,GALAC NIACIN ESSENCE MASK,1.09,0.0,1.2,1.09,1.1445,1.526,1.526,1.526,0.4
8809082392292,24,0,14.74,ma:nyo,Pure Cleansing Oil 200ml,10.53,0.0,11.58,10.53,11.0565,14.742,14.742,14.742,0.4
8809652585772,24,204,6.83,FWEE,Lip&Cheek Glowy Jelly Pot JM03 Cream Tea 4g,4.88,6.83,5.37,4.88,5.124,6.832,6.83,6.83,0.3996
8809581076334,24,440,6.22,ISNTREE,(EU) REAL ROSE CALMING MASK 100ML,5.61,6.22,6.17,5.61,5.8905,7.854,6.22,6.22,0.1087
8809730950553,24,0,1.53,ma:nyo,BIFIDA BIOME AMPOULE MASK 1ea,1.09,0.0,1.2,1.09,1.1445,1.526,1.526,1.526,0.4
8809652585543,24,560,6.83,FWEE,Lip&Cheek Glowy Jelly Pot JP01 Sugar Coat 4g,4.88,6.83,5.37,4.88,5.124,6.832,6.83,6.83,0.3996
8809652582665,24,754,8.07,FWEE,Lip&Cheek Blurry Pudding Pot RD04 Fav 5g,7.35,8.07,8.09,7.35,7.7175,10.29,8.07,8.07,0.098
8809652585598,24,350,6.83,FWEE,Lip&Cheek Glowy Jelly Pot JC02 Mellow Mango 4g,4.88,6.83,5.37,4.88,5.124,6.832,6.83,6.83,0.3996
8809652585574,24,562,6.83,FWEE,Lip&Cheek Glowy Jelly Pot JS01 Rosy Glaze 4g,4.88,6.83,5.37,4.88,5.124,6.832,6.83,6.83,0.3996
8809928135861,24,0,13.02,TIRTIR,MASK FIT RED CUSHION 33W GINGER,9.3,0.0,10.23,9.3,9.765,13.02,13.02,13.02,0.4
8809652582511,24,1218,8.07,FWEE,Lip&Cheek Blurry Pudding Pot ND04 My 5g,7.35,8.07,8.09,7.35,7.7175,10.29,8.07,8.07,0.098
8809652585727,24,538,6.83,FWEE,Lip&Cheek Glowy Jelly Pot JR03 Cherry Ppo 4g,4.88,6.83,5.37,4.88,5.124,6.832,6.83,6.83,0.3996
8809928134895,24,0,13.02,TIRTIR,Mask Fit Red Cushion 33C Hazel,9.3,0.0,10.23,9.3,9.765,13.02,13.02,13.02,0.4
8809652585536,24,578,6.83,FWEE,Lip&Cheek Glowy Jelly Pot JC01 Honey Peach 4g,4.88,6.83,5.37,4.88,5.124,6.832,6.83,6.83,0.3996
8809652585765,24,218,6.83,FWEE,Lip&Cheek Glowy Jelly Pot JS03 Couverture 4g,4.88,6.83,5.37,4.88,5.124,6.832,6.83,6.83,0.3996
8809652585789,24,391,6.83,FWEE,Lip&Cheek Glowy Jelly Pot Sugar Powder 4g,4.88,6.83,5.37,4.88,5.124,6.832,6.83,6.83,0.3996
8809800940712,24,562,7.03,ISNTREE,ONION NEWPAIR B5 AMPOULE_50ml,6.38,7.03,7.02,6.38,6.699,8.932,7.03,7.03,0.1019
8809563102006,24,0,10.79,PURITO SEOUL,Fermented Complex 94 Boosting Essence 150ml,7.71,0.0,8.48,7.71,8.0955,10.794,10.794,10.794,0.4
8809652582481,24,796,8.07,FWEE,Lip&Cheek Blurry Pudding Pot ND01 Oh! 5g,7.35,8.07,8.09,7.35,7.7175,10.29,8.07,8.07,0.098
8809652585642,24,227,6.83,FWEE,Lip&Cheek Glowy Jelly Pot JM02 Berry Jam 4g,4.88,6.83,5.37,4.88,5.124,6.832,6.83,6.83,0.3996
8809652582627,24,697,8.07,FWEE,Lip&Cheek Blurry Pudding Pot PK05 Sth 5g,7.35,8.07,8.09,7.35,7.7175,10.29,8.07,8.07,0.098
8809800940460,24,401,8.19,ISNTREE,(60EA) ONION NEWPAIR CLEAR PAD 250ml,7.45,8.19,8.2,7.45,7.8225,10.43,8.19,8.19,0.0993
8809936745106,24,1295,15.76,Mediheal,PDRN Lifting Pad,15.01,9.32,16.51,15.01,15.7605,21.014,9.32,15.7605,0.05
8809928135892,24,0,13.02,TIRTIR,MASK FIT RED CUSHION 34W TOFFEE,9.3,0.0,10.23,9.3,9.765,13.02,13.02,13.02,0.4
8809652582764,24,983,8.07,FWEE,Lip&Cheek Blurry Pudding Pot RS04 Memories 5g,7.35,8.07,8.09,7.35,7.7175,10.29,8.07,8.07,0.098
8809652585628,24,232,6.83,FWEE,Lip&Cheek Glowy Jelly Pot JN02 Milky 4g,4.88,6.83,5.37,4.88,5.124,6.832,6.83,6.83,0.3996
8809652582580,24,830,8.07,FWEE,Lip&Cheek Blurry Pudding Pot PK01 Baby 5g,7.35,8.07,8.09,7.35,7.7175,10.29,8.07,8.07,0.098
8809652585758,24,236,6.83,FWEE,Lip&Cheek Glowy Jelly Pot JN03 Custard 4g,4.88,6.83,5.37,4.88,5.124,6.832,6.83,6.83,0.3996
8809652582498,24,906,8.07,FWEE,Lip&Cheek Blurry Pudding Pot ND02 Like 5g,7.35,8.07,8.09,7.35,7.7175,10.29,8.07,8.07,0.098
8809652582566,24,1140,8.07,FWEE,Lip&Cheek Blurry Pudding Pot CR04 Seventeen 5g,7.35,8.07,8.09,7.35,7.7175,10.29,8.07,8.07,0.098
8809652582634,24,788,8.07,FWEE,Lip&Cheek Blurry Pudding Pot RD01 D-Day 5g,7.35,8.07,8.09,7.35,7.7175,10.29,8.07,8.07,0.098
8809652585734,24,574,6.83,FWEE,Lip&Cheek Glowy Jelly Pot JC03 Juicy Punch 4g,4.88,6.83,5.37,4.88,5.124,6.832,6.83,6.83,0.3996
8809652582573,24,529,8.07,FWEE,Lip&Cheek Blurry Pudding Pot CR05 Girls 5g,7.35,8.07,8.09,7.35,7.7175,10.29,8.07,8.07,0.098
8809652585567,24,244,6.83,FWEE,Lip&Cheek Glowy Jelly Pot JN01 Lavender Whip 4g,4.88,6.83,5.37,4.88,5.124,6.832,6.83,6.83,0.3996
8809652582641,24,1373,8.07,FWEE,Lip&Cheek Blurry Pudding Pot RD02 Mule 5g,7.35,8.07,8.09,7.35,7.7175,10.29,8.07,8.07,0.098
8809652585604,24,389,6.83,FWEE,Lip&Cheek Glowy Jelly Pot JP02 Lolly 4g,4.88,6.83,5.37,4.88,5.124,6.832,6.83,6.83,0.3996
8809652585611,24,215,6.83,FWEE,Lip&Cheek Glowy Jelly Pot JR02 Sour Gummy 4g,4.88,6.83,5.37,4.88,5.124,6.832,6.83,6.83,0.3996
8809652585635,24,254,6.83,FWEE,Lip&Cheek Glowy Jelly Pot JS02 Caramelized 4g,4.88,6.83,5.37,4.88,5.124,6.832,6.83,6.83,0.3996
8809652585581,24,579,6.83,FWEE,Lip&Cheek Glowy Jelly Pot JM01 Compote 4g,4.88,6.83,5.37,4.88,5.124,6.832,6.83,6.83,0.3996
8809652582603,24,706,8.07,FWEE,Lip&Cheek Blurry Pudding Pot PK03 Cherry 5g,7.35,8.07,8.09,7.35,7.7175,10.29,8.07,8.07,0.098
8809652585741,24,259,6.83,FWEE,Lip&Cheek Glowy Jelly Pot JP03 Sweets 4g,4.88,6.83,5.37,4.88,5.124,6.832,6.83,6.83,0.3996
8809928135878,24,0,13.02,TIRTIR,MASK FIT RED CUSHION 34C AMBER,9.3,0.0,10.23,9.3,9.765,13.02,13.02,13.02,0.4
8809652582610,24,787,8.07,FWEE,Lip&Cheek Blurry Pudding Pot PK04 Crush 5g,7.35,8.07,8.09,7.35,7.7175,10.29,8.07,8.07,0.098
8809652582740,24,795,8.07,FWEE,Lip&Cheek Blurry Pudding Pot RS02 Lyrics 5g,7.35,8.07,8.09,7.35,7.7175,10.29,8.07,8.07,0.098
8809928135922,24,0,13.02,TIRTIR,MASK FIT RED CUSHION 55N ESPRESSO,9.3,0.0,10.23,9.3,9.765,13.02,13.02,13.02,0.4
8809652582719,24,669,8.07,FWEE,Lip&Cheek Blurry Pudding Pot MV04 Slayyy 5g,7.35,8.07,8.09,7.35,7.7175,10.29,8.07,8.07,0.098
8809652582658,24,1297,8.07,FWEE,Lip&Cheek Blurry Pudding Pot RD03 Ambitious 5g,7.35,8.07,8.09,7.35,7.7175,10.29,8.07,8.07,0.098
8809652582733,24,1578,8.07,FWEE,Lip&Cheek Blurry Pudding Pot RS01 Feel'n 5g,7.35,8.07,8.09,7.35,7.7175,10.29,8.07,8.07,0.098
8809652582702,24,1747,8.07,FWEE,Lip&Cheek Blurry Pudding Pot MV03 Baddie 5g,7.35,8.07,8.09,7.35,7.7175,10.29,8.07,8.07,0.098
8809541190247,24,0,12.04,ISNTREE,(EU) ALOE SOOTHING EMULSION 120ML,8.6,0.0,9.46,8.6,9.03,12.04,12.04,12.04,0.4
8809783322642,24,692,6.76,ISNTREE,ONION NEWPAIR ESSENCE TONER_200ml,6.12,6.76,6.73,6.12,6.426,8.568,6.76,6.76,0.1046
8809481762320,24,0,6.36,Heimish,Moringa Ceramide BB Cream SPF 30 PA++ 19 Fair Beige,4.54,0.0,4.99,4.54,4.767,6.356,6.356,6.356,0.4
8809481762344,24,0,6.36,Heimish,(EU) Moringa Ceramide BB Cream SPF 30 PA++ 28 Tan,4.54,0.0,4.99,4.54,4.767,6.356,6.356,6.356,0.4
8809652582672,24,823,8.07,FWEE,Lip&Cheek Blurry Pudding Pot RD05 Greedy 5g,7.35,8.07,8.09,7.35,7.7175,10.29,8.07,8.07,0.098
8809738605714,24,1008,7.52,Round Lab,(EU) Mugwort Toner 300ml,7.16,7.07,7.88,7.16,7.518,10.024,7.07,7.518,0.05
8809695240621,24,224,9.34,KSECRET,GLOW SERUM : NIACINAMIDE 15% + YUJA 30 ml,6.67,0.0,7.34,6.67,7.0035,9.338,9.338,9.338,0.4
8809481762351,24,0,6.36,Heimish,(EU) Moringa Ceramide BB Cream SPF 30 PA++ 29 Dark Olive,4.54,0.0,4.99,4.54,4.767,6.356,6.356,6.356,0.4
8809652582535,24,690,8.07,FWEE,Lip&Cheek Blurry Pudding Pot CR01 Dear 5g,7.35,8.07,8.09,7.35,7.7175,10.29,8.07,8.07,0.098
8809652582689,24,676,8.07,FWEE,Lip&Cheek Blurry Pudding Pot MV01 Chill'n 5g,7.35,8.07,8.09,7.35,7.7175,10.29,8.07,8.07,0.098
8809634610508,24,448,11.06,AXIS-Y,Biome Resetting Moringa Cleansing Oil 200ml,10.53,7.98,11.58,10.53,11.0565,14.742,7.98,11.0565,0.05
8809082391608,24,0,14.74,ma:nyo,Herb Green Cleansing Oil 200ml,10.53,0.0,11.58,10.53,11.0565,14.742,14.742,14.742,0.4
8809652582542,24,1207,8.07,FWEE,Lip&Cheek Blurry Pudding Pot CR02 Boy 5g,7.35,8.07,8.09,7.35,7.7175,10.29,8.07,8.07,0.098
8806135207053,24,0,10.16,ma:nyo,Deep Pore Cleansing Soda Foam 150ml,7.26,0.0,7.99,7.26,7.623,10.164,10.164,10.164,0.4
8809730956111,24,0,14.74,ma:nyo,PURE CLEANSING OIL DEEP CLEAN 200ml,10.53,0.0,11.58,10.53,11.0565,14.742,14.742,14.742,0.4
8809709898473,24,0,1.4,EDGE U,Shop care gel off serum,1.0,0.0,1.1,1.0,1.05,1.4,1.4,1.4,0.4
8809657114687,24,0,11.69,ma:nyo,BIFIDA BIOME COMPLEX AMPOULE 30ml,8.35,0.0,9.19,8.35,8.7675,11.69,11.69,11.69,0.4
8809730950560,24,0,12.46,ma:nyo,BIFIDA BIOME AQUA BARRIER CREAM 80ml,8.9,0.0,9.79,8.9,9.345,12.46,12.46,12.46,0.4
8809634610119,24,827,7.75,AXIS-Y,(RENEWAL) Complete No-Stress Physical Sunscreen 50ml,7.38,6.98,8.12,7.38,7.749,10.332,6.98,7.749,0.05
8809785840281,24,0,1.4,EDGE U,SHOP CARE FREE TOP GEL,1.0,0.0,1.1,1.0,1.05,1.4,1.4,1.4,0.4
8809652582559,24,969,8.07,FWEE,Lip&Cheek Blurry Pudding Pot CR03 BFF 5g,7.35,8.07,8.09,7.35,7.7175,10.29,8.07,8.07,0.098
8809960354732,24,0,153.29,Medicube,AGE-R BOOSTER PRO EX,109.49,0.0,120.44,109.49,114.9645,153.286,153.286,153.286,0.4
8809800940798,24,0,6.87,ISNTREE,(EU) HYPER RETINOL EX 1.0 SERUM_20ml,4.91,0.0,5.4,4.91,5.1555,6.874,6.874,6.874,0.4
8809652582696,24,850,8.07,FWEE,Lip&Cheek Blurry Pudding Pot MV02 Hurt 5g,7.35,8.07,8.09,7.35,7.7175,10.29,8.07,8.07,0.098
8809652582528,24,767,8.07,FWEE,Lip&Cheek Blurry Pudding Pot ND05 Be 5g,7.35,8.07,8.09,7.35,7.7175,10.29,8.07,8.07,0.098
8809652582726,24,862,8.07,FWEE,Lip&Cheek Blurry Pudding Pot MV05 Boss 5g,7.35,8.07,8.09,7.35,7.7175,10.29,8.07,8.07,0.098
8809657114137,24,0,12.71,ma:nyo,Bifida Biome Ampoule Toner 400ml,9.08,0.0,9.99,9.08,9.534,12.712,12.712,12.712,0.4
8809187049350,24,0,8.05,ISNTREE,(EU) C-NIACIN TONING AMPOULE 50ml,5.75,0.0,6.33,5.75,6.0375,8.05,8.05,8.05,0.4
8809952590704,24,0,1.4,EDGE U,CREAM BEIGE,1.0,0.0,1.1,1.0,1.05,1.4,1.4,1.4,0.4
8809785846979,24,510,1.4,EDGE U,EXTREME BLACK,1.0,0.0,1.1,1.0,1.05,1.4,1.4,1.4,0.4
8809640736124,24,2909,8.82,ANUA,[RENEW] RICE 70 GLOW MILKY TONER 250ml,8.4,7.21,9.24,8.4,8.82,11.76,7.21,8.82,0.05
8809785846498,24,1173,1.4,EDGE U,ASH PINK,1.0,0.0,1.1,1.0,1.05,1.4,1.4,1.4,0.4
8809785846559,24,1177,1.4,EDGE U,COTTON CASHMERE,1.0,0.0,1.1,1.0,1.05,1.4,1.4,1.4,0.4
8809785847099,24,1412,1.4,EDGE U,PEARL LOCKET,1.0,0.0,1.1,1.0,1.05,1.4,1.4,1.4,0.4
8809785846610,24,1281,1.4,EDGE U,BLACK SUGAR BONBON CHOCOLAT,1.0,0.0,1.1,1.0,1.05,1.4,1.4,1.4,0.4
8809785846795,24,1181,1.4,EDGE U,CASUAL STREET LOOK,1.0,0.0,1.1,1.0,1.05,1.4,1.4,1.4,0.4
8809785847211,24,1410,1.4,EDGE U,GLAM BURGANDY FRENCH,1.0,0.0,1.1,1.0,1.05,1.4,1.4,1.4,0.4
8809785846641,24,722,1.4,EDGE U,SAND WAVE,1.0,0.0,1.1,1.0,1.05,1.4,1.4,1.4,0.4
8809785848201,24,854,1.4,EDGE U,MIRROR PINK BEIGE,1.0,0.0,1.1,1.0,1.05,1.4,1.4,1.4,0.4
8809481762146,24,229,5.39,Heimish,(EU) Moringa Ceramide BB Cream SPF 30 PA++ 31 Deep,4.54,5.39,4.99,4.54,4.767,6.356,5.39,5.39,0.1872
8809730955114,24,0,21.35,ma:nyo,PANTHETOIN CREAM 80ml,15.25,0.0,16.78,15.25,16.0125,21.35,21.35,21.35,0.4
8809730955107,24,0,16.27,ma:nyo,PANTHETOIN ESSENCE TONER 200ml,11.62,0.0,12.78,11.62,12.201,16.268,16.268,16.268,0.4
8809624726417,24,3251,10.02,Round Lab,(EU) Soybean Cream 80ml,9.54,9.44,10.49,9.54,10.017,13.356,9.44,10.017,0.05
8809952590643,24,0,1.4,EDGE U,PEACH NUDE,1.0,0.0,1.1,1.0,1.05,1.4,1.4,1.4,0.4
8809785846672,24,1374,1.4,EDGE U,THE CASHMERE,1.0,0.0,1.1,1.0,1.05,1.4,1.4,1.4,0.4
8809785846917,24,1106,1.4,EDGE U,RED BLANKET CHECK,1.0,0.0,1.1,1.0,1.05,1.4,1.4,1.4,0.4
8809928135809,24,0,7.59,TIRTIR,MASK FIT RED MINI CUSHION 37C ALMOND,5.42,0.0,5.96,5.42,5.691,7.588,7.588,7.588,0.4
8809785847037,24,837,1.4,EDGE U,CORAL STONE BLUSHER,1.0,0.0,1.1,1.0,1.05,1.4,1.4,1.4,0.4
8809785847006,24,865,1.4,EDGE U,LEOPARD BLACK,1.0,0.0,1.1,1.0,1.05,1.4,1.4,1.4,0.4
8809928135755,24,0,7.59,TIRTIR,MASK FIT RED MINI CUSHION 31N FRENCH BEIGE,5.42,0.0,5.96,5.42,5.691,7.588,7.588,7.588,0.4
8809785846948,24,1039,1.4,EDGE U,ANTIQUE FRENCH,1.0,1.4,1.1,1.0,1.05,1.4,1.4,1.4,0.4
8809785847150,24,1409,1.4,EDGE U,FORMAL TWEED,1.0,0.0,1.1,1.0,1.05,1.4,1.4,1.4,0.4
8809785847181,24,1534,1.4,EDGE U,NEW TWEED,1.0,0.0,1.1,1.0,1.05,1.4,1.4,1.4,0.4
8809785848294,24,1124,1.4,EDGE U,PLANET MAGNET,1.0,0.0,1.1,1.0,1.05,1.4,1.4,1.4,0.4
8809785848591,24,224,1.4,EDGE U,ROCK CHIC NEON GLOW,1.0,0.0,1.1,1.0,1.05,1.4,1.4,1.4,0.4
8809785848652,24,520,1.4,EDGE U,BOHEMIAN NEON GLOW,1.0,0.0,1.1,1.0,1.05,1.4,1.4,1.4,0.4
8809785848683,24,528,1.4,EDGE U,ZEBRA NEON GLOW,1.0,0.0,1.1,1.0,1.05,1.4,1.4,1.4,0.4
8809785846580,24,1097,1.4,EDGE U,CHOCOLAT NUANCE,1.0,0.0,1.1,1.0,1.05,1.4,1.4,1.4,0.4
8809785848560,24,404,1.4,EDGE U,CLOUDY NEON GLOW,1.0,0.0,1.1,1.0,1.05,1.4,1.4,1.4,0.4
8809785848324,24,1124,1.4,EDGE U,PURPLE NIGHT MAGNET,1.0,0.0,1.1,1.0,1.05,1.4,1.4,1.4,0.4
8809785846825,24,1182,1.4,EDGE U,JOYFUL CHECK,1.0,0.0,1.1,1.0,1.05,1.4,1.4,1.4,0.4
8809785847129,24,750,1.4,EDGE U,SHERBET RECIPE,1.0,0.0,1.1,1.0,1.05,1.4,1.4,1.4,0.4
8809785848416,24,1123,1.4,EDGE U,BLUE HOLE MAGNET,1.0,0.0,1.1,1.0,1.05,1.4,1.4,1.4,0.4
8809785848355,24,1132,1.4,EDGE U,BLACK HOLE MAGNET,1.0,0.0,1.1,1.0,1.05,1.4,1.4,1.4,0.4
8809785848447,24,790,1.4,EDGE U,CROSS BLACK MAGNETIC,1.0,0.0,1.1,1.0,1.05,1.4,1.4,1.4,0.4
8809785846436,24,292,1.4,EDGE U,RACING CHECK,1.0,0.0,1.1,1.0,1.05,1.4,1.4,1.4,0.4
8809785847334,24,890,1.4,EDGE U,BLACK FRENCH,1.0,0.0,1.1,1.0,1.05,1.4,1.4,1.4,0.4
8809864755413,24,0,7.88,House of Hur,Moist Ampoule Blusher #Nude Beige 20ml,5.63,0.0,6.19,5.63,5.9115,7.882,7.882,7.882,0.4
8809864755420,24,0,7.88,House of Hur,Moist Ampoule Blusher #Deep Plum 20ml,5.63,0.0,6.19,5.63,5.9115,7.882,7.882,7.882,0.4
8809864755437,24,0,7.88,House of Hur,Moist Ampoule Blusher #Rose Brown 20ml,5.63,0.0,6.19,5.63,5.9115,7.882,7.882,7.882,0.4
8809968209607,24,0,7.88,House of Hur,Moist Ampoule Blusher 07 Pink Rosie 20ml,5.63,0.0,6.19,5.63,5.9115,7.882,7.882,7.882,0.4
8800276312409,24,0,7.88,House of Hur,Moist Ampoule Blusher 08 Berry Purple 20ml,5.63,0.0,6.19,5.63,5.9115,7.882,7.882,7.882,0.4
8809968209614,24,0,7.88,House of Hur,Moist Ampoule Blusher 09 Ruby Red 20ml,5.63,0.0,6.19,5.63,5.9115,7.882,7.882,7.882,0.4
8809968205951,24,0,3.95,House of Hur,Moist Ampoule Blusher 01 Nude Beige 10ml,2.82,0.0,3.1,2.82,2.961,3.948,3.948,3.948,0.4
8809968205968,24,0,3.95,House of Hur,Moist Ampoule Blusher 02 Deep Plum 10ml,2.82,0.0,3.1,2.82,2.961,3.948,3.948,3.948,0.4
8809968205975,24,0,3.95,House of Hur,Moist Ampoule Blusher 03 Rose Brown 10ml,2.82,0.0,3.1,2.82,2.961,3.948,3.948,3.948,0.4
8809968205982,24,0,3.95,House of Hur,Moist Ampoule Blusher 04 Lavender Flush 10ml,2.82,0.0,3.1,2.82,2.961,3.948,3.948,3.948,0.4
8809968205999,24,0,3.95,House of Hur,Moist Ampoule Blusher 05 Peach Coral 10ml,2.82,0.0,3.1,2.82,2.961,3.948,3.948,3.948,0.4
8809968206002,24,0,3.95,House of Hur,Moist Ampoule Blusher 06 Cherry Blossom 10ml,2.82,0.0,3.1,2.82,2.961,3.948,3.948,3.948,0.4
8809800940880,24,0,13.99,ISNTREE,(EU) HYPER ACID4 AHA BHA PHA LHA 30 SERUM_20ml,9.99,0.0,10.99,9.99,10.4895,13.986,13.986,13.986,0.4
8809695240607,24,548,7.59,KSECRET,SEOUL 1988 BOOSTING BALL : COLLAGEN 100%,7.23,7.49,7.95,7.23,7.5915,10.122,7.49,7.5915,0.05
8809695240614,24,248,7.3,KSECRET,Capsule Cream : Niacinamide 5% + Yuja 50ml,6.95,7.2,7.65,6.95,7.2975,9.73,7.2,7.2975,0.05
8800289461231,24,525,1.01,Medicube,(1EA) COLLAGEN LIFTING MASK 27g,0.88,1.01,0.97,0.88,0.924,1.232,1.01,1.01,0.1477
8800289461101,24,1407,0.92,Medicube,(1EA) DEEP PEPTIDE RADIANCE MASK 20g,0.88,0.89,0.97,0.88,0.924,1.232,0.89,0.924,0.05
8809936743195,24,0,6.33,Mediheal,Madecassoside Cleanser_Moisture Calming 120ml,4.52,0.0,4.97,4.52,4.746,6.328,6.328,6.328,0.4
8809936741412,24,5172,7.36,Mediheal,(10EA) Dermaplus Aloe Mask 22ml,6.94,7.36,7.63,6.94,7.287,9.716,7.36,7.36,0.0605
8809936741399,24,5027,7.36,Mediheal,(10EA) Dermaplus Birch Mask 22ml,6.94,7.36,7.63,6.94,7.287,9.716,7.36,7.36,0.0605
8809936741382,24,4970,7.36,Mediheal,(10EA) Dermaplus Heartleaf Mask 22ml,6.94,7.36,7.63,6.94,7.287,9.716,7.36,7.36,0.0605
8809913830825,24,0,10.51,Skin1004,Madagascar Centella Toning Toner 210ml,7.51,0.0,8.26,7.51,7.8855,10.514,10.514,10.514,0.4
8809913831143,24,0,2.81,Skin1004,Spot Cover Patch,2.01,0.0,2.21,2.01,2.1105,2.814,2.814,2.814,0.4
8809913830450,24,11185,6.0,Skin1004,(EU) Madagascar Centella Hyalu-Cica Water-Fit Sun Serum 50ml (EU Package),5.71,6.0,6.28,5.71,5.9955,7.994,6.0,6.0,0.0508
